Name,F,I,L,W,Category 1,Category 2,Category 3,Category 4,MaterialNumber,RecipeNumber,Chapter,Type,Ingredient 1,Ingredient 2,Ingredient 3,Ingredient 4,Add Category 1,Add Category 2,From Recipe 1,From Requiring 1,From Recipe 2,From Requiring 2,SQ+,ES+
Explosive Uni,X,,,,(Bomb),,,,,1,2,Attack,(Uni),(Gunpowder),(Fuel),,,,,,,,,
Ice Caltrop,,X,,,(Bomb),,,,,2,2,Attack,(Water),(Seafood),(Ore),(Supplement),,,Explosive Uni,Red Supplement,,,,
Craft,,,,X,(Bomb),,,,,3,2,Attack,(Uni),(Gunpowder),(Fuel),(Supplement),,,Explosive Uni,Blue Supplement,,,,
Bomb,X,,,,(Bomb),,,,,4,2,Attack,Crimson Ore,(Gunpowder),(Fuel),(Supplement),,,,,,,,
Ice Bomb,,X,,,(Bomb),,,,,5,2,Attack,Aqua Ore,(Water),(Seafood),(Supplement),,,Ice Caltrop,Aqua Ore,,,,
Plajig,,,X,,(Bomb),,,,,6,4.5,Attack,Lightning Core,(Ore),(Sand),(Supplement),,,,,,,,
Luft,,,,X,(Bomb),,,,,7,4.5,Attack,Wing Plant,(Gas),(Bug),(Supplement),,,,,,,,
Norden Brand,X,X,,,(Magic Tool),,,,,8,4,Attack,Ice Bomb,Staltium,(Water),(Mystery),,,Staltium,Ice Bomb,,,,
Lightning Bell,,,X,X,(Magic Tool),,,,,9,4.5,Attack,Plajig,Staltium,(Gemstone),(Gas),,,,,,,,
Bubble Bullet,,X,,X,(Bomb),,,,,10,6.5,Attack,Bronze Eisen,Foamy Water,(Gunpowder),(Gas),,,,,,,,
Rose Bomb,X,,,,(Bomb),,,,,11,7,Attack,Bomb Rod,Gunpowder Base,(Fuel),(Supplement),,,Bomb,Gunpowder Base,,,,
Kleid Ice Bomb,,X,,,(Bomb),,,,,12,6,Attack,Ice Bomb,Glass Flower,(Water),(Supplement),,,Ice Bomb,Glass Flower,,,,
Strahl Plajig,,,X,,(Bomb),,,,,13,6.5,Attack,Plajig,Lightning Sand,(Sand),(Supplement),,,Plajig,Lightning Sand,,,,
Ratsel Luft,,,,X,(Bomb),,,,,14,4.5,Attack,Luft,Mist Liquid,(Gas),(Supplement),,,Luft,Mist Liquid,,,,
Fire Bottle,X,,,,(Magic Tool),,,,,15,7,Attack,Rose Bomb,Blue Flame Ember,(Fuel),(Supplement),,,Rose Bomb,Blue Flame Ember,,,,
Genesis Hammer,X,,X,,(Magic Tool),,,,,16,6.5,Attack,Marblestone,Degenesis Stone,(Dragon),(Metal),,,,,,,,
Vanish Siegel,,X,,X,(Magic Tool),,,,,17,6.5,Attack,Feather Draft,Ratsel Luft,(Gemstone),(Supplement),,,Kleid Ice Bomb,Feather Draft,Ratsel Luft,Feather Draft,,
Lunar Lamp,X,,,X,(Magic Tool),,,,,18,9,Attack,Saint's Diamond,Holy Drop,(Jewel),(Mystery),,,,,,,,
Eternal Fear,X,,,,(Magic Tool),,,,,19,9,Attack,Meltstone,Crystal Element,(Stone),(Fuel),,,,,,,,
Philosopher's Book,X,X,X,X,(Magic Tool),,,,,20,10,Attack,Philosopher's Stone,Arc en Ciel,Spirit Bottle,(Mystery),,,,,,,,
Grass Beans,,,,X,(Medicine),,,,,21,2,Heal,(Medicinal),(Flower),(Plant),,,,,,,,,
Dry Biscuit,X,,,,(Food),,,,,22,2,Heal,Flour,Kurken Fruit,(Medicinal),(Supplement),,,Grass Beans,Flour,,,,
Blessing Ointment,,X,X,,(Medicine),,,,,23,2,Heal,Bitter Root,(Medicinal),(Flower),(Supplement),,,Grass Beans,Bitter Root,,,,
Puni Jelly,,X,,,(Food),,,,,24,3,Heal,Gelatin Powder,(Puniball),(Medicinal),(Water),,,Dry Biscuit,Gelatin Powder,,,,
Rasen Pudding,,X,X,,(Food),,,,,25,4.5,Heal,Unknown Egg,Honey,(Food),(Spice),,,,,,,,
Trickling Breeze,X,,,X,(Medicine),,,,,26,4.5,Heal,Sky Bubble,Lucky Clover,(Gas),(Mushroom),,,,,,,,
Restoration Bottle,,X,,,(Medicine),,,,,27,4.5,Heal,Healing Chip,Forest Sage,(Mushroom),(Gas),,,,,,,,
Nectar,,X,X,,(Medicine),,,,,28,4.5,Heal,Red Puniball,Ancient Branch,(Puniball),(Elixir),,,Restoration Bottle,Red Puniball,,,,
Healing Ball,,X,,X,(Medicine),,,,,29,6.5,Heal,Traveler's Water Orb,Medium Medicine,(Lumber),(General Goods),,,,,,,,
Dynamic Syrup,X,,X,,(Medicine),,,,,30,6,Heal,Honey,Mutant Taun,(Beehive),(Fruit),,,,,,,,
Cocktail Leb,X,X,,,(Food),,,,,31,6,Heal,Dragon Egg,Rasen Pudding,(Food),(Fruit),,,Rasen Pudding,Dragon Egg,,,,
Goddess Cup,,,X,X,(Medicine),,,,,32,7,Heal,Holy Drop,Super Pure Water,(Medicine),(Puniball),,,,,,,,
Elixir,,X,,X,(Medicine),,,,,33,6.5,Heal,Dunkelheit,Dragon Meat,(Elixir),(Dragon),,,Nectar,Dunkelheit,,,,
Fish Oil,X,X,,,(Medicine),,,,,34,2,Buff,Sardine,Salt Grass,(Seafood),(Fuel),,,,,,,,
War Powder,,,X,,(Medicine),,,,,35,4,Buff,Dream Mushroom,Mushroom Powder,(Bug),(Food),,,,,,,,
Thorny Embrace,,,X,X,(Magic Tool),,,,,36,4,Debuff,Kumine Poison,Tough Vine,(Poison),(Flower),,,,,,,,
Energianica,X,,X,,(Magic Tool),,,,,37,4.5,Heal,Staltium,Ethereal Stone,(Lumber),(Mystery),,,,,,,,
Sundry Remedy,X,X,,X,(Medicine),,,,,38,4,Buff,Spring Princess,Crimson Grass,(Medicinal),(Seafood),,,,,,,,
Poison Smoke,,,X,X,(Magic Tool),,,,,39,5,Debuff,Poison Cube,Atonement Stinger,(Poison),(Mushroom),,,,,,,,
Mystic Robe,,X,,X,(Magic Tool),,,,,40,6.5,Buff,Heaven's String,Delphi Rose Incense,(Gas),(Mystery),,,,,,,,
Miracle Ebonyal,,X,X,,(Medicine),,,,,41,5,Buff,Taboo Drop,Esplante,(Bug),(Seafood),,,War Powder,Taboo Drop,,,,
Heroic Geist,X,,X,X,(Magic Tool),,,,,42,5,Debuff,Mist Liquid,Ether Aqua,(Dragon),(Gas),,,Poison Smoke,Mist Liquid,,,,
Astonomical Clock,,X,X,,(Magic Tool),,,,,43,6.5,Buff,Arc en Ciel,Criminea,(Magic Tool),(Mystery),,,Criminea,Arc en Ciel,,,,
Reaper's Scythe,,X,,,(Gathering),,,,,44,2,Gathering,Large Bone,Polish Powder,(Metal),(Lumber),(Ore),(General Goods),Ingot,Large Bone,,,,
Woodcutter's Axe,,,X,,(Gathering),,,,,45,2,Gathering,Eiche,Polish Powder,(Metal),(Fuel),(Lumber),(Gas),,,,,,
Hammer,X,,,,(Gathering),,,,,46,4,Gathering,Ethereal Stone,Tough Log,Eroded Stone,(Mystery),(Lumber),(Stone),,,,,,
Bomb Rod,X,,,X,(Gathering),,,,,47,6.5,Gathering,Holy Arbor Branch,Bomb,(Jewel),(Gunpowder),(Gemstone),(Mystery),,,,,,
Fishing Rod,,X,,,(Gathering),,,,,48,3,Gathering,Delicious Bait,Alchemy Fibers,(Lumber),(Bug),(Thread),(Bug),,,,,,
Bug Net,,,,X,(Gathering),,,,,49,4,Gathering,Fragrant Honey Tree,Alchemy Fibers,(Lumber),(Gas),(Thread),(Fuel),,,,,,
Compass,,,X,,(Gathering),,,,,50,4,Gathering,Magic Tome Piece,Bronze Eisen,Spirit Flower,(Mystery),(Metal),,Bronze Eisen,Magic Tome Piece,,,,1
Wind Shoes,X,,,X,(Gathering),,,,,51,6,Gathering,Spirit Bottle,Sorcery Rose,(Bug),(Puniball),,,Sorcery Rose,Spirit Bottle,,,,
Knapsack,,,X,,(Gathering),,,,,52,4,Gathering,Beastial Air,Alchemy Paint,(General Goods),(Mystery),,,Beastial Air,Alchemy Paint,,,,
Mirage Loupe,X,X,,,(Gathering),,,,,53,6,Gathering,Glass Flower,Saint's Diamond,(Metal),(Mystery),,,Glass Flower,Saint's Diamond,,,,
Scythe Axe,,X,X,,(Gathering),,,,,54,4,Gathering,Woodcutter's Axe,Reaper's Scythe,(Animal Product),(Lumber),(Metal),,Reaper's Scythe,Woodcutter's Axe,,,,
Bomb Hammer,X,,,X,(Gathering),,,,,55,6.5,Gathering,Bomb Rod,Hammer,(Dragon),(Mystery),(Gunpowder),,Hammer,Bomb Rod,,,,
Fishing Rod Net,,X,,X,(Gathering),,,,,56,4,Gathering,Bug Net,Fishing Rod,(Mushroom),(Food),(Thread),,Fishing Rod,Bug Net,,,,
Loupe Compass,X,X,X,,(Gathering),,,,,57,6,Gathering,Magic Tome Piece,Bronze Eisen,Spirit Flower,(Mystery),,,Compass,Mirage Loupe,,,,
Exploration Set,X,,X,X,(Gathering),,,,,58,6,Gathering,Wind Shoes,Knapsack,(General Goods),(Bug),,,Knapsack,Wind Shoes,,,,
Red Supplement,X,,,,(Supplement),,,,,59,2,Synthesis,(Flower),(Water),,,(Fuel),(Gunpowder),,,,,,
Blue Supplement,,X,,,(Supplement),,,,,60,2,Synthesis,(Seafood),(Water),,,(Flower),(Gas),,,,,,
Yellow Supplement,,,X,,(Supplement),,,,,61,2,Synthesis,(Sand),(Water),,,(Ore),(Thread),,,,,,
Green Supplement,,,,X,(Supplement),,,,,62,2,Synthesis,(Plant),(Water),,,(Lumber),(Stone),,,,,,
Polish Powder,O,,X,,(General Goods),,,,,63,2,Synthesis,Ashen Sand,(Sand),(Ore),,,,,,,,,
Zettel,X,X,,,(General Goods),(Fuel),,,,64,2,Synthesis,Scrap Paper,(Plant),(Water),(Supplement),,,,,,,1,
Delicious Bait,,X,,,(General Goods),(Food),,,,65,3,Synthesis,Flour,Kumine Fruit,(Bug),(Spice),(Fruit),(Seafood),Flour,Kumine Fruit,,,,
Alchemy Paint,,X,X,,(General Goods),(Poison),,,,66,4,Synthesis,Rainbow Grape,Mixing Oil,(Flower),(Bug),(Mystery),,Mixing Oil,Rainbow Grape,,,,
Delphi Rose Incense,X,,,X,(General Goods),(Flower),,,,67,6,Synthesis,Rosen Leaf,Traveler's Water Orb,(Mushroom),(Beehive),(Gas),(Medicinal),Traveler's Water Orb,Rosen Leaf,,,2,
Ingot,X,,,,(Ingot),(Metal),,,,68,2,Synthesis,Amatite Ore,(Ore),(Fuel),,,,,,,,,
Bronze Eisen,X,,,,(Ingot),(Metal),,,,69,3,Synthesis,Koberinite,Amatite Ore,(Ore),(Fuel),,,Ingot,Koberinite,,,,
Staltium,,,X,,(Ingot),(Metal),,,,70,4,Synthesis,Cometstone,Pentanite,(Fuel),(Mystery),,,Bronze Eisen,Cometstone,,,,
Criminea,,X,,X,(Ingot),(Metal),,,,71,6.5,Synthesis,Degenesis Stone,Mordinite,(Elixir),(Fuel),,,Staltium,Degenesis Stone,,,,
Goldoterion,X,,X,,(Ingot),(Metal),,,,72,7,Synthesis,Goldinite,Septrin,(Dragon),(Supplement),,,,,,,,
Cloth,,,X,,(Cloth),,,,,73,2,Synthesis,(Thread),(Animal Product),(Supplement),,,,,,,,,
Natural Cloth,,,X,X,(Cloth),(Plant),,,,74,2,Synthesis,Alchemy Fibers,Plant Essence,(Plant),(Animal Product),,,Cloth,Alchemy Fibers,,,,
Beastial Air,,X,X,,(Cloth),(Animal Product),,,,75,4,Synthesis,Animal Hide,Dragon Wing,(Thread),(Animal Product),,,Natural Cloth,Animal Hide,,,,
Sorcery Rose,X,X,,,(Cloth),(Gas),,,,76,6,Synthesis,Delphi Rose,Arbor Ivy,(Flower),(General Goods),,,Beastial Air,Delphi Rose,,,,
Eldrocode,,,X,,(Cloth),(Jewel),,,,77,7,Synthesis,Heaven's String,Mythical Hide,(Thread),(Supplement),,,,,,,,
Pearl Crystal,,X,,O,(Jewel),,,,,78,2,Synthesis,Shell Pearl,Ashen Sand,(Gemstone),(Puniball),(Medicinal),(Food),Polish Powder,Shell Pearl,,,,
Amberlite,X,,,X,(Jewel),,,,,79,4,Synthesis,Amber Crystal,Amber Fragment,Polish Powder,(Bug),(Stone),(Bug),Pearl Crystal,Amber Crystal,,,,
Spirinite,,O,X,,(Jewel),,,,,80,6.5,Synthesis,Emerald Glass,Magnemaloma,(Gemstone),(Sand),(Poison),,Amberlite,Emerald Glass,,,,1
Saint's Diamond,,X,,X,(Jewel),,,,,81,6.5,Synthesis,Holy Arbor Crystal,Holy Stone Fragment,(Gemstone),(Puniball),(Mystery),,Spirinite,Holy Arbor Crystal,,,,1
Arc en Ciel,X,X,X,X,(Jewel),,,,,82,6.5,Synthesis,Rainbow Gemstone,Gold Puniball,(General Goods),(Mystery),(Elixir),,Saint's Diamond,Rainbow Gemstone,,,,2
Honey,X,O,,X,(Spice),,,,,83,2,Synthesis,(Beehive),(Flower),(Supplement),,(Fuel),,,,,,,
Eltz Sugar,X,,,,(Spice),,,,,84,4,Synthesis,Nectar Rock,Honey,(Fuel),(Supplement),(Sand),,Honey,Nectar Rock,,,1,
Traveler's Water Orb,,X,O,X,(Water),(Mystery),,,,85,4,Synthesis,Foamy Water,Zettel,(Fruit),(Seafood),,,Zettel,Foamy Water,,,,1
Super Pure Water,,X,,,(Water),,,,,86,4,Synthesis,Traveler's Water Orb,Holy Tree Leaf,(Lumber),(Sand),(Medicinal),,,,,,2,
Healing Chip,X,,X,,(Medicinal),(Gas),,,,87,3,Synthesis,Mixing Oil,Dried Lumber,(Fuel),(Mushroom),(Lumber),(Poison),Building Material,Mixing Oil,,,,
Holy Drop,,X,X,,(Medicinal),(Elixir),,,,88,6.5,Synthesis,Holy Tree Leaf,Taboo Drop,(Puniball),(Mystery),(Mystery),(Water),Taboo Drop,Holy Tree Leaf,,,,
Poison Cube,,,X,X,(Poison),,,,,89,5,Synthesis,Beast Venom Pouch,Flour,(Poison),(Spice),(Fuel),(Gas),Flour,Beast Venom Pouch,,,2,
Taboo Drop,X,X,,,(Poison),,,,,90,5,Synthesis,Underworld Rotwood,Poison Cube,(Dragon),(Poison),(Elixir),,Poison Cube,Underworld Rotwood,,,,1
Lightning Sand,,,X,O,(Sand),,,,,91,6.5,Synthesis,Emerald Glass,Lightning Bell,(Sand),(Metal),(Metal),,Lightning Bell,Emerald Glass,,,,
Marblestone,O,,X,O,(Stone),,,,,92,6.5,Synthesis,Degenesis Stone,Stone Material,(General Goods),(Gemstone),(Mystery),,Stone Material,Degenesis Stone,,,,
Gunpowder Base,X,,O,,(Gunpowder),,,,,93,7,Synthesis,Smokey Charcoal,Magma Powder,(Lumber),(Gas),(Poison),,,,,,,
Blue Flame Ember,X,,,X,(Gunpowder),(Fuel),,,,94,7,Synthesis,Eternal Fire,Gunpowder Base,(Sand),(Mystery),(Dragon),,Gunpowder Base,Eternal Fire,,,,
Mixing Oil,X,,O,,(Fuel),,,,,95,2,Synthesis,Natural Oil,Palma Fruit,(Fruit),(Supplement),(Gas),,,,,,,
Meltstone,X,,,X,(Fuel),(Stone),,,,96,6.5,Synthesis,Solflower,Marblestone,(Dragon),(Ore),,,Marblestone,Solflower,,,,
Flour,O,,X,,(Food),,,,,97,2,Synthesis,Wasser Wheat,Scrap Paper,(Fuel),,(Gunpowder),,,,,,,
Gelatin Powder,X,X,,,(Food),(Medicinal),,,,98,3,Synthesis,Large Bone,(Animal Product),(Seafood),(Puniball),(Supplement),,,,,,1,
Alchemy Fibers,,,X,X,(Thread),,,,,99,2,Synthesis,Cotton Grass,(Plant),(Fuel),(Supplement),(General Goods),,Cloth,Cotton Grass,,,,
Heaven's String,,X,,X,(Thread),(Mystery),,,,100,6.5,Synthesis,Holy Stone Fragment,Alchemy Fibers,(Seafood),(Plant),(Animal Product),(General Goods),Alchemy Fibers,Holy Stone Fragment,,,,
Composite Plate,,X,X,O,(Lumber),(Metal),,,,101,4,Synthesis,Ingot,Building Material,(Puniball),(Fuel),,,Building Material,Ingot,,,,
Holy Nut,O,,,X,(Lumber),(Mystery),,,,102,6.5,Synthesis,Holy Arbor Branch,Composite Plate,(Elixir),(Mystery),(Fuel),,Composite Plate,Holy Arbor Branch,,,,
Mist Liquid,,O,,X,(Gas),,,,,103,4,Synthesis,Old Magic Tome,Traveler's Water Orb,(Fuel),(Mushroom),(General Goods),,Traveler's Water Orb,Old Magic Tome,,,,
Feather Draft,X,,X,X,(Gas),,,,,104,6.5,Synthesis,Wind Core,Mist Liquid,(Dragon),(Animal Product),(Animal Product),,,,,,,
Puni Leather,,X,X,,(Animal Product),(Puniball),,,,105,4,Synthesis,Giant Puniball,Natural Cloth,(Puniball),(Mushroom),,,Natural Cloth,Giant Puniball,,,,
Master Leather,X,,,X,(Animal Product),(Dragon),,,,106,6,Synthesis,Mythical Hide,Giant Claw,(Dragon),(Fruit),,,,,,,,
Glass Flower,O,X,,,(Mystery),(Jewel),,,,107,6,Synthesis,Roteswasser Tonic,Delphi Rose Incense,(Flower),(Plant),(Plant),,Delphi Rose Incense,Roteswasser Tonic,,,,
Spirit Bottle,X,X,X,X,(Mystery),(General Goods),,,,108,5,Synthesis,Lapis Papillion,Shining Sand,(Bug),(Gemstone),(Jewel),(Elixir),Alchemy Paint,Lapis Papillion,,,,
Crystal Element,X,X,X,X,(Mystery),(Gunpowder),(Water),(Sand),,109,6.5,Synthesis,Septrin,Golem Core,(Gemstone),(Supplement),(Bug),(Flower),Spirit Bottle,Septrin,,,,1
Philosopher's Stone,O,X,X,O,(Elixir),(Supplement),(Jewel),(Mystery),,110,10,Synthesis,Red Stone,Crystal Element,Dragon's Eye,(Elixir),,,Crystal Element,Red Stone,,,,2
Plant Seed,,,,X,(Seed),,,,,111,4.5,Seed,Sapling Branch,(Spice),(Uni),(Plant),,,,,,,,
Stone Seed,,,X,,(Seed),,,,,112,4.5,Seed,Stalactite Fragment,(Spice),(Uni),(Stone),,,Plant Seed,Stalactite Fragment,,,,
Fire Seed,X,,,,(Seed),,,,,113,6.5,Seed,Flame Black Sand,(Spice),(Uni),(Gunpowder),,,Stone Seed,Flame Black Sand,,,,
Water Seed,,X,,,(Seed),,,,,114,4.5,Seed,Plant Essence,(Spice),(Uni),(Seafood),,,Plant Seed,Plant Essence,,,,
Mystic Seed,X,X,X,X,(Seed),,,,,115,6.5,Seed,Holy Stone Fragment,(Spice),(Uni),(Stone),,,Water Seed,Holy Stone Fragment,,,,
Handmade Staff,X,,,,(Weapon),,,,,116,2,Weapon,Ingot,(Ingot),(Lumber),(Animal Product),,,,,,,,
Helioprox,,,X,,(Weapon),,,,,117,3,Weapon,Bronze Eisen,Fragrant Honey Tree,(Ingot),(Mystery),,,Handmade Staff,Bronze Eisen,,,,
Grim Quartz,,X,X,,(Weapon),,,,,118,4,Weapon,Staltium,Cave Coral,(Ingot),(Jewel),,,Helioprox,Staltium,,,,
Rune Code,X,,,X,(Weapon),,,,,119,6.5,Weapon,Criminea,Spirinite,(Ingot),(Elixir),,,Grim Quartz,Criminea,,,,
Celestial Seeker,X,,X,,(Weapon),,,,,120,7,Weapon,Goldoterion,Holy Nut,(Ingot),(Mystery),,,Rune Code,Goldoterion,,,,
Practise Flute,,,,X,(Weapon),,,,,121,3,Weapon,Ingot,(Ingot),(Ore),(Flower),,,,,,,,
Crepusculum,X,,,,(Weapon),,,,,122,3,Weapon,Bronze Eisen,Sapling Branch,(Ingot),(Gas),,,Practise Flute,Bronze Eisen,,,,
Virgin Snow,,,X,X,(Weapon),,,,,123,4,Weapon,Staltium,Pearl Crystal,(Ingot),(Water),,,Crepusculum,Staltium,,,,
Concert Mistress,X,X,,,(Weapon),,,,,124,6.5,Weapon,Criminea,Glass Flower,(Ingot),(Bug),,,Virgin Snow,Criminea,,,,
Ethereal Tone,,X,,X,(Weapon),,,,,125,7,Weapon,Goldoterion,Saint's Diamond,(Ingot),(Gas),,,Concert Mistress,Goldoterion,,,,
Weathered Sword,,,X,,(Weapon),,,,,126,2,Weapon,Ingot,(Ingot),(Animal Product),(Seafood),,,,,,,,
Colossal Edge,X,,,,(Weapon),,,,,127,3,Weapon,Bronze Eisen,Stalactite Fragment,(Ingot),(Gunpowder),,,Weathered Sword,Bronze Eisen,,,,
Initiator,,X,X,,(Weapon),,,,,128,4,Weapon,Staltium,Rusted Sword,(Ingot),(Poison),,,Colossal Edge,Staltium,,,,
Schwartz Thruster,X,,,X,(Weapon),,,,,129,6.5,Weapon,Criminea,Taboo Drop,(Ingot),(Mystery),,,Initiator,Criminea,,,,
Lord Guardian,X,,X,,(Weapon),,,,,130,7,Weapon,Goldoterion,Holy Drop,(Ingot),(Jewel),,,Schwartz Thruster,Goldoterion,,,,
Stake Hammer,,X,,,(Weapon),,,,,131,2,Weapon,Ingot,(Ingot),(Fruit),(Stone),,,,,,,,
Clairempathy,,,,X,(Weapon),,,,,132,3,Weapon,Bronze Eisen,Fairystone Fragment,(Ingot),(Mystery),,,Stake Hammer,Bronze Eisen,,,,
Destruction,X,X,,,(Weapon),,,,,133,4,Weapon,Staltium,Amber Fragment,(Ingot),(Seafood),,,Clairempathy,Staltium,,,,
Holy Torrent,,X,X,,(Weapon),,,,,134,6.5,Weapon,Criminea,Beast Fossil,(Ingot),(Jewel),,,Destruction,Criminea,,,,
Brave Emblem,,X,X,X,(Weapon),,,,,135,7,Weapon,Goldoterion,Blue Flame Ember,(Ingot),(Dragon),,,Holy Torrent,Goldoterion,,,,
Pilgrimage Staff,,X,,,(Weapon),,,,,136,6,Weapon,Ingot,(Ingot),(Lumber),(Gas),,,,,,,,
Forest Bell,,,,X,(Weapon),,,,,137,6,Weapon,Bronze Eisen,Nightglow Flower,(Ingot),(Plant),,,Pilgrimage Staff,Bronze Eisen,,,,
Training Path,,X,X,,(Weapon),,,,,138,6,Weapon,Staltium,Amberlite,(Ingot),(Stone),,,Forest Bell,Staltium,,,,
Holy Arbor Staff,X,,,X,(Weapon),,,,,139,6.5,Weapon,Criminea,Holy Arbor Branch,(Ingot),(Mystery),,,Training Path,Criminea,,,,
Occult Wisdom,X,X,,,(Weapon),,,,,140,7,Weapon,Goldoterion,Crystal Element,(Ingot),(Elixir),,,Holy Arbor Staff,Goldoterion,,,,
Iron Claws,,,,X,(Weapon),,,,,141,4.5,Weapon,Ingot,(Ingot),(Gemstone),(Seafood),,,,,,,,
Krieger's Talon,,,X,,(Weapon),,,,,142,4.5,Weapon,Bronze Eisen,Ethereal Stone,(Ingot),(Seafood),,,Iron Claws,Bronze Eisen,,,,
Hail Crunch,,X,,X,(Weapon),,,,,143,4.5,Weapon,Staltium,Sawe Fish,(Ingot),(Poison),,,Krieger's Talon,Staltium,,,,
Wind Slicer,,,X,X,(Weapon),,,,,144,6.5,Weapon,Criminea,Trihorn,(Ingot),(Dragon),,,Hail Crunch,Criminea,,,,
Oren Herald,,X,,X,(Weapon),,,,,145,7,Weapon,Goldoterion,Spirit Bottle,(Ingot),(Mystery),,,Wind Slicer,Goldoterion,,,,
Kurken Sweats,,X,,,(Armor),,,,,146,2,Armor,Cloth,Kurken Fruit,(Cloth),(Thread),,,,,,,,
Noble Tunic,,,,X,(Armor),,,,,147,2,Armor,Cloth,Rainbow Grape,(Cloth),(Flower),,,,,,,,
Leather Protector,,,X,,(Armor),,,,,148,2,Armor,Cloth,Animal Hide,(Cloth),(Animal Product),,,,,,,,
Chain Vest,X,,,,(Armor),,,,,149,2,Armor,Natural Cloth,Roteswasser Tonic,(Cloth),(Metal),,,Kurken Sweats,Natural Cloth,Noble Tunic,Natural Cloth,,
Border Scale,,X,,,(Armor),,,,,150,2,Armor,Natural Cloth,Old Knight Emblem,(Cloth),(Stone),,,Leather Protector,Natural Cloth,,,,
Radiant Plate,,,X,,(Armor),,,,,151,4,Armor,Beastial Air,Bronze Eisen,(Cloth),(Ore),,,Border Scale,Beastial Air,,,,
Skuller Coat,X,,,X,(Armor),,,,,152,4,Armor,Beastial Air,Forest Sage,(Cloth),(Thread),,,Noble Tunic,Natural Cloth,Chain Vest,Natural Cloth,,
Frost Armor,,X,,X,(Armor),,,,,153,4,Armor,Puni Leather,Ice Bomb,(Cloth),(Water),,,Radiant Plate,Puni Leather,,,,
Charade Lumont,X,,X,,(Armor),,,,,154,6.5,Armor,Puni Leather,Amberlite,(Cloth),(Medicinal),,,Skuller Coat,Puni Leather,,,,
Fairy Cloak,,X,,X,(Armor),,,,,155,4,Armor,Puni Leather,Spirit Flower,(Cloth),(Flower),,,Chain Vest,Puni Leather,,,,
Golden Mail,X,,,,(Armor),,,,,156,6.5,Armor,Sorcery Rose,Goldinite,(Cloth),(Jewel),,,Frost Armor,Sorcery Rose,,,,
Darkness Dress,,X,,X,(Armor),,,,,157,6.5,Armor,Sorcery Rose,Alchemy Paint,(Cloth),(Beehive),,,Fairy Cloak,Sorcery Rose,,,,
Fortress Armor,X,X,,,(Armor),,,,,158,6.5,Armor,Master Leather,Heroic Spirit,(Cloth),(Dragon),,,Golden Mail,Master Leather,,,,
Sage's Cloak,,X,X,,(Armor),,,,,159,6.5,Armor,Master Leather,Dragon Eye,(Cloth),(Elixir),,,Darkness Dress,Master Leather,,,,
Stark Cologne,X,,,X,(Armor),,,,,160,7,Armor,Eldrocode,Beast Spirit Armor,(Cloth),(Dragon),,,Fortress Armor,Eldrocode,Sage's Cloak,Eldrocode,,
Energy Pendant,,,X,,(Accessory),,,,,161,2,Accessory,Unknown Gemstone,(Gemstone),(Metal),(Mystery),,,Polish Powder,Unknown Gemstone,,,,
Gnardi Ring,X,,,,(Accessory),,,,,162,4,Accessory,Bronze Eisen,Polish Powder,(Jewel),(Mystery),,,Pearl Crystal,Bronze Eisen,,,,
Frostfire Earring,X,X,,,(Accessory),,,,,163,6.5,Accessory,Blue Flame Riverstone,Polish Powder,(Gemstone),(Metal),,,Boltwind Earring,Blue Flame Riverstone,,,,
Boltwind Earring,,,X,X,(Accessory),,,,,164,6.5,Accessory,Riverstone,Polish Powder,(Gemstone),(Metal),,,,,,,,
Exorcism Brooch,,,X,,(Accessory),,,,,165,6.5,Accessory,Holy Stone Fragment,Holy Nut,(Medicinal),(Thread),,,Holy Nut,Holy Stone Fragment,,,,
Quartz Necklace,,X,,,(Accessory),,,,,166,5,Accessory,Beast Scales,Amberlite,(Sand),(Fuel),,,Amberlite,Beast Scales,,,,
Heated Bangle,X,,X,,(Accessory),,,,,167,6.5,Accessory,Heroic Spirit,Spirinite,(Metal),(Fuel),,,Spirinite,Heroic Spirit,,,,
Godspeed Boots,,,X,X,(Accessory),,,,,168,6.5,Accessory,Fairy Segment,Master Leather,(Gas),(Animal Product),,,Master Leather,Fairy Segment,,,,
Migratory Charm,,X,,X,(Accessory),,,,,169,7,Accessory,Dragon Wing,Marbled Stone,(Fruit),(Mystery),,,,,,,,
Fairystone Chain,,,X,,(Accessory),,,,,170,6.5,Accessory,Eternal Crystal,Saint's Diamond,(Gunpowder),(Dragon),,,Saint's Diamond,Eternal Crystal,,,,
Baron's Crown,X,,,,(Accessory),,,,,171,7,Accessory,Golden Crown,Goldoterion,(Metal),(Jewel),,,Goldoterion,Golden Crown,,,,
Elixir Ring,,X,,X,(Accessory),,,,,172,6.5,Accessory,Elixir,Arc en Ciel,(Elixir),(Metal),,,Arc en Ciel,Elixir,,,,
Building Material,,,O,X,(Lumber),,,,,173,3,Synthesis,Eiche,(Lumber),(Fruit),,,,,,,,,
Stone Material,,X,,,(Stone),,,,,174,3,Synthesis,Eroded Stone,(Stone),(Fuel),,,,,,,,,
Seaweed Soil,,O,,X,(Sand),,,,,175,3,Synthesis,Salt Grass,Soft Sand,(Sand),(Water),,,,,,,,
Soft Rubber Stone,X,,X,,(Magic Tool),,,,,176,3,Synthesis,(Fruit),(Sand),(Puniball),(Supplement),(Stone),,,,,,,
Monster Attractor,,,,X,(General Goods),(Magic Tool),,,,177,4.5,Synthesis,Fairystone Fragment,Rainbow Grape,(Poison),(Gas),(Mushroom),,,,,,,
Powerful Fish Bait,X,,X,,(General Goods),(Food),,,,178,4.5,Synthesis,Kumine Fruit,Rainbow Grape,(Seafood),(Mushroom),(Medicinal),,Delicious Bait,Fragrant Honey Tree,,,,
Prosthetic Arm,,O,X,,(Metal),,,,,179,6,Synthesis,Resonance Orb,Staltium,(Dragon),(Mystery),(Mystery),,,,,,,
Super Steel Gear,X,,,O,(Metal),,,,,180,8,Synthesis,Jade Water,Staltium,(Ore),(Flower),(General Goods),,,,,,,
Pynnor Key,,X,X,,(Important),,,,,181,7,Rare,Old Pynnor Key,Holy Drop,,,,,,,,,,
Red Stone,X,,,X,(Elixir),(Mystery),,,,182,10,Synthesis,Underworld Core,Holy Drop,Taboo Drop,Dragon's Eye,(Medicinal),(Puniball),,,,,2,2
Crimson Stone,X,X,X,X,(Important),,,,,183,10,Rare,Queen's Treasure,,,,,,Red Stone,Queen's Treasure,,,,
Resort Woodchip,X,,,X,(Important),,,,,184,6.5,Remodeling,Soleil Fruit,,,,,,Healing Woodchip,Soleil Fruit,,,,
Plain Lumber,X,,X,,(Important),,,,,185,6.5,Remodeling,Grizzly Wood,,,,,,Holy Nut,Grizzly Wood,,,,
Mastery Paint,,X,,X,(Important),,,,,186,6.5,Remodeling,Akashia Sap,,,,,,Alchemy Paint,Akashia Sap,,,,
Royal Tilestone,,,X,X,(Important),,,,,187,7,Remodeling,Waterproof Oil,,,,,,Marblestone,Waterproof Oil,,,,
Bloodlust Tablet (DLC),,X,X,,(Medicine),,,,,188,7,Attack,Serene Spirit Water,Miracle Ebonyal,(Elixir),(Puniball),,,Thorny Embrace,Serene Spirit Water,,,,
Grudge Globe (DLC),,,,,,,,,,189,7,Attack,,,,,,,Meltstone,Lost Material,,,,
Clean Water,,X,,,(Water),,,,1,,,,,,,,,,,,,,,
Goat's Milk,,,X,,(Water),(Food),,,2,,,,,,,,,,,,,,,
Plant Essence,,,,X,(Water),(Medicinal),,,3,,,,,,,,,,,,,,,
Roteswasser Tonic,X,X,,,(Water),(Poison),,,4,,,,,,,,,,,,,,,
Foamy Water,,X,,X,(Water),(Gas),,,5,,,,,,,,,,,,,,,
Jade Water,,X,X,,(Water),(Elixir),,,6,,,,,,,,,,,,,,,
Ether Aqua,,X,X,,(Water),(Mystery),,,7,,,,,,,,,,,,,,,
Nameless Grass,,,,X,(Plant),,,,8,,,,,,,,,,,,,,,
Fodder,X,,,,(Plant),(Fuel),,,9,,,,,,,,,,,,,,,
Lucky Clover,,X,X,,(Plant),(Flower),,,10,,,,,,,,,,,,,,,
Blue Clover,,,,X,(Plant),(Flower),,,11,,,,,,,,,,,,,,,
Poison Grass,,X,,,(Plant),(Poison),,,12,,,,,,,,,,,,,,,
Wasser Wheat,,,X,,(Plant),(Food),,,13,,,,,,,,,,,,,,,
Maple Leaf,X,,,,(Plant),(Fuel),(Elixir),,14,,,,,,,,,,,,,,,
Sweet Leaf,,X,,X,(Plant),(Food),,,15,,,,,,,,,,,,,,,
Rosen Leaf,X,,X,,(Plant),(Flower),(Medicinal),,16,,,,,,,,,,,,,,,
Ancient Branch,,X,,X,(Plant),(Elixir),(Lumber),,17,,,,,,,,,,,,,,,
Uni,,X,,X,(Uni),,,,18,,,,,,,,,,,,,,,
Silver Uni,,X,X,,(Uni),(Metal),,,19,,,,,,,,,,,,,,,
Gold Uni,X,,X,X,(Uni),(Metal),(Mystery),,20,,,,,,,,,,,,,,,
Health Flower,X,,,,(Flower),(Medicinal),,,21,,,,,,,,,,,,,,,
Northern Wind Flower,,X,,,(Flower),(Poison),,,22,,,,,,,,,,,,,,,
Sunny Honey Flower,,,X,,(Flower),(Spice),,,23,,,,,,,,,,,,,,,
Blessed Pure Flower,X,,,,(Flower),(Mystery),,,24,,,,,,,,,,,,,,,
Memorial Mist Flower,,X,,,(Flower),(Fuel),,,25,,,,,,,,,,,,,,,
Serene Moon Flower,,,X,,(Flower),(Medicinal),,,26,,,,,,,,,,,,,,,
Nightglow Flower,X,,,X,(Flower),(Medicinal),,,27,,,,,,,,,,,,,,,
Lantern Grass,X,,X,,(Flower),(Plant),(Mystery),,28,,,,,,,,,,,,,,,
Bubble Grass,,X,,X,(Flower),(Plant),(Gas),,29,,,,,,,,,,,,,,,
Serenity Flower,,X,X,,(Flower),(Medicinal),,,30,,,,,,,,,,,,,,,
Spring Princess,,X,,,(Flower),(Medicinal),(Elixir),,31,,,,,,,,,,,,,,,
Esplante,X,,X,,(Flower),(Poison),,,32,,,,,,,,,,,,,,,
Delphi Rose,,X,X,,(Flower),(Thread),,,33,,,,,,,,,,,,,,,
Taun,,X,,,(Medicinal),(Plant),,,34,,,,,,,,,,,,,,,
Tall Taun,,X,X,,(Medicinal),(Plant),,,35,,,,,,,,,,,,,,,
Mutant Taun,X,,,X,(Medicinal),(Plant),,,36,,,,,,,,,,,,,,,
Triplet Taun,,X,,,(Medicinal),(Plant),,,37,,,,,,,,,,,,,,,
Crimson Grass,,X,,,(Medicinal),(Elixir),,,38,,,,,,,,,,,,,,,
Bitter Root,X,,,,(Medicinal),(Poison),,,39,,,,,,,,,,,,,,,
Sapling Branch,,,,X,(Medicinal),(Mystery),,,40,,,,,,,,,,,,,,,
Medicine Moss,,,X,X,(Medicinal),(Plant),,,41,,,,,,,,,,,,,,,
Fertile Soil,X,,,,(Medicinal),(Fuel),,,42,,,,,,,,,,,,,,,
Medium Medicine,,,X,,(Medicinal),(Poison),(Elixir),,43,,,,,,,,,,,,,,,
Kumine Fruit,X,,X,,(Poison),(Food),,,44,,,,,,,,,,,,,,,
Kumine Poison,,X,,X,(Poison),(Water),,,45,,,,,,,,,,,,,,,
Rotten Tree Bark,,X,,,(Poison),(Fuel),,,46,,,,,,,,,,,,,,,
Resentful Scream,X,,,,(Poison),(Plant),,,47,,,,,,,,,,,,,,,
Mushroom Powder,,,X,,(Poison),(Gas),,,48,,,,,,,,,,,,,,,
Death's Grief,,X,X,,(Poison),(Plant),,,49,,,,,,,,,,,,,,,
Forest Sage,,X,,X,(Elixir),(Medicinal),,,50,,,,,,,,,,,,,,,
Dunkelheit,,X,X,,(Elixir),(Medicinal),(Poison),(Mystery),51,,,,,,,,,,,,,,,
Soft Sand,,,X,X,(Sand),,,,52,,,,,,,,,,,,,,,
Burning Sand,X,,,,(Sand),(Fuel),,,53,,,,,,,,,,,,,,,
Ashen Sand,,X,,X,(Sand),,,,54,,,,,,,,,,,,,,,
Polluted Humus,,,X,X,(Sand),(Fuel),(Poison),,55,,,,,,,,,,,,,,,
Emerald Glass,,X,X,,(Sand),(Gemstone),,,56,,,,,,,,,,,,,,,
Sandstone,,,X,,(Stone),,,,57,,,,,,,,,,,,,,,
Nectar Rock,X,,,,(Stone),(Spice),,,58,,,,,,,,,,,,,,,
Eroded Stone,,,,X,(Stone),,,,59,,,,,,,,,,,,,,,
Ancient Pillar,X,,,X,(Stone),,,,60,,,,,,,,,,,,,,,
Coral Stone,,X,X,,(Stone),(Gemstone),,,61,,,,,,,,,,,,,,,
Cave Coral,,X,,,(Stone),,,,62,,,,,,,,,,,,,,,
Riverstone,,,X,X,(Stone),(Gemstone),,,63,,,,,,,,,,,,,,,
Blue Flame Riverstone,X,X,,,(Stone),(Gemstone),,,64,,,,,,,,,,,,,,,
Waterside Moss Stone,,X,,X,(Stone),(Sand),,,65,,,,,,,,,,,,,,,
Stalactite Fragment,,,X,,(Stone),,,,66,,,,,,,,,,,,,,,
Ethereal Stone,,,,X,(Stone),,,,67,,,,,,,,,,,,,,,
Crimson Ore,X,,,,(Ore),(Gunpowder),,,68,,,,,,,,,,,,,,,
Aqua Ore,,X,,,(Ore),(Water),,,69,,,,,,,,,,,,,,,
Lightning Ore,,,X,,(Ore),(Gunpowder),,,70,,,,,,,,,,,,,,,
Amatite Ore,X,,,,(Ore),,,,71,,,,,,,,,,,,,,,
Koberinite,,X,,,(Ore),,,,72,,,,,,,,,,,,,,,
Pentanite,,,,X,(Ore),,,,73,,,,,,,,,,,,,,,
Mordinite,,,X,,(Ore),,,,74,,,,,,,,,,,,,,,
Goldinite,X,,X,,(Ore),,,,75,,,,,,,,,,,,,,,
Cometstone,X,,,X,(Ore),(Mystery),,,76,,,,,,,,,,,,,,,
Degenesis Stone,,X,,X,(Ore),(Gemstone),,,77,,,,,,,,,,,,,,,
Septrin,,,X,,(Ore),(Gemstone),(Mystery),,78,,,,,,,,,,,,,,,
Small Crystal,X,,,,(Gemstone),(Mystery),,,79,,,,,,,,,,,,,,,
Unknown Gemstone,,X,,X,(Gemstone),,,,80,,,,,,,,,,,,,,,
Shell Pearl,X,,X,,(Gemstone),(Seafood),,,81,,,,,,,,,,,,,,,
Marbled Stone,,X,,X,(Gemstone),,,,82,,,,,,,,,,,,,,,
Amber Fragment,X,,X,,(Gemstone),(Sand),,,83,,,,,,,,,,,,,,,
Amber Crystal,,,X,,(Gemstone),(Ore),,,84,,,,,,,,,,,,,,,
Magnemalmoa,X,,,,(Gemstone),,,,85,,,,,,,,,,,,,,,
Holy Arbor Crystal,,X,,X,(Gemstone),(Mystery),,,86,,,,,,,,,,,,,,,
Rainbow Gemstone,X,X,X,X,(Gemstone),,,,87,,,,,,,,,,,,,,,
Dried Lumber,,,,X,(Gunpowder),,,,88,,,,,,,,,,,,,,,
Flame Black Sand,X,,X,,(Gunpowder),,,,89,,,,,,,,,,,,,,,
Magma Powder,X,,,,(Gunpowder),,,,90,,,,,,,,,,,,,,,
Scrap Paper,X,,,,(Fuel),,,,91,,,,,,,,,,,,,,,
Flammable Bark,X,,,X,(Fuel),(Lumber),,,92,,,,,,,,,,,,,,,
Palma Bark,,X,,,(Fuel),(Lumber),,,93,,,,,,,,,,,,,,,
Natural Oil,X,,,,(Fuel),,,,94,,,,,,,,,,,,,,,
Smokey Charcoal,X,,,X,(Fuel),,,,95,,,,,,,,,,,,,,,
Palma Charcoal,X,,X,,(Fuel),,,,96,,,,,,,,,,,,,,,
Wild Potato,X,,,X,(Food),,,,97,,,,,,,,,,,,,,,
Beast Meat,,X,,,(Food),,,,98,,,,,,,,,,,,,,,
Fresh Meat,X,,X,,(Food),,,,99,,,,,,,,,,,,,,,
Kurken Fruit,X,,,X,(Food),(Medicinal),,,100,,,,,,,,,,,,,,,
Unknown Egg,,X,,,(Food),(Fuel),,,101,,,,,,,,,,,,,,,
Rainbow Grape,,X,X,X,(Fruit),,,,102,,,,,,,,,,,,,,,
Palma Fruit,X,,,,(Fruit),(Water),,,103,,,,,,,,,,,,,,,
Fresh Berry,,X,,,(Fruit),(Spice),,,104,,,,,,,,,,,,,,,
Oil Tree Fruit,,,X,X,(Fruit),(Food),(Fuel),,105,,,,,,,,,,,,,,,
Nectar Fruit,,X,,,(Fruit),(Food),(Spice),,106,,,,,,,,,,,,,,,
Beehive,X,,,,(Beehive),(Gunpowder),,,107,,,,,,,,,,,,,,,
Silver Beehive,,X,,X,(Beehive),(Gunpowder),,,108,,,,,,,,,,,,,,,
Gold Beehive,X,,X,,(Beehive),(Gunpowder),,,109,,,,,,,,,,,,,,,
Eicheloa,,X,,,(Mushroom),,,,110,,,,,,,,,,,,,,,
Dream Mushroom,,,,X,(Mushroom),(Gas),,,111,,,,,,,,,,,,,,,
Mushroom Colony,,X,X,,(Mushroom),,,,112,,,,,,,,,,,,,,,
Jupitonion,X,,,X,(Mushroom),(Gas),,,113,,,,,,,,,,,,,,,
Golden Crown,,X,X,X,(Mushroom),(Mystery),,,114,,,,,,,,,,,,,,,
Pretty Shell,,,X,,(Seafood),,,,115,,,,,,,,,,,,,,,
Sardine,,X,,,(Seafood),,,,116,,,,,,,,,,,,,,,
Exofish,,X,,X,(Seafood),(Gas),,,117,,,,,,,,,,,,,,,
Spikey,X,,,,(Seafood),,,,118,,,,,,,,,,,,,,,
Selior,,,X,,(Seafood),,,,119,,,,,,,,,,,,,,,
Purumuru,,X,,X,(Seafood),(Ore),,,120,,,,,,,,,,,,,,,
Crab,,X,X,,(Seafood),,,,121,,,,,,,,,,,,,,,
Xisor,,,X,,(Seafood),,,,122,,,,,,,,,,,,,,,
Sawe Fish,X,X,,,(Seafood),,,,123,,,,,,,,,,,,,,,
Mace Fish,,,X,X,(Seafood),,,,124,,,,,,,,,,,,,,,
Myria Fish,X,,,X,(Seafood),(Elixir),,,125,,,,,,,,,,,,,,,
Lake Master,,X,,,(Seafood),(Puniball),,,126,,,,,,,,,,,,,,,
Underworld Master,X,X,,,(Seafood),(Poison),,,127,,,,,,,,,,,,,,,
Seven Stars,X,,,,(Bug),,,,128,,,,,,,,,,,,,,,
Honey Ant,,X,,,(Bug),(Spice),,,129,,,,,,,,,,,,,,,
Lantern Fly,X,,,X,(Bug),(Mystery),,,130,,,,,,,,,,,,,,,
Rose Bee,,,,X,(Bug),(Poison),,,131,,,,,,,,,,,,,,,
Giant Beetle,,,X,,(Bug),(Ore),,,132,,,,,,,,,,,,,,,
Bomb Dragoon,X,,X,,(Bug),(Gas),,,133,,,,,,,,,,,,,,,
Spear Worm,X,,,,(Bug),(Medicinal),,,134,,,,,,,,,,,,,,,
Amber Fly,,,X,,(Bug),(Gemstone),,,135,,,,,,,,,,,,,,,
Lapis Papillion,,X,,X,(Bug),(Mystery),,,136,,,,,,,,,,,,,,,
Heavy Wyrm,X,X,,X,(Bug),(Dragon),,,137,,,,,,,,,,,,,,,
Trihorn,X,,X,X,(Bug),(Jewel),,,138,,,,,,,,,,,,,,,
Restraint Silk,X,,X,,(Thread),,,,139,,,,,,,,,,,,,,,
Tough Vine,,,,X,(Thread),(Plant),,,140,,,,,,,,,,,,,,,
Cotton Grass,X,,,X,(Thread),(Plant),,,141,,,,,,,,,,,,,,,
Arbor Ivy,,X,,,(Thread),,,,142,,,,,,,,,,,,,,,
Eiche,,X,,,(Lumber),,,,143,,,,,,,,,,,,,,,
Tough Log,,X,X,,(Lumber),,,,144,,,,,,,,,,,,,,,
Mossy Driftwood,,X,,,(Lumber),(Plant),,,145,,,,,,,,,,,,,,,
Palma,X,,X,,(Lumber),,,,146,,,,,,,,,,,,,,,
Fossil Tree,X,,,X,(Lumber),,,,147,,,,,,,,,,,,,,,
Fragrant Honey Tree,,X,,X,(Lumber),(Gas),,,148,,,,,,,,,,,,,,,
Underworld Rotwood,,,X,,(Lumber),(Poison),,,149,,,,,,,,,,,,,,,
Holy Arbor Branch,,,X,X,(Lumber),(Mystery),,,150,,,,,,,,,,,,,,,
Wing Plant,,,,X,(Plant),(Gas),,,151,,,,,,,,,,,,,,,
Sky Bubble,,X,,X,(Gas),,,,152,,,,,,,,,,,,,,,
Crispy Mushroom,X,,X,,(Mushroom),(Gas),,,153,,,,,,,,,,,,,,,
Rotwood Miasma,X,,,X,(Gas),(Poison),,,154,,,,,,,,,,,,,,,
Blue Puniball,,X,,,(Puniball),,,,155,,,,,,,,,,,,,,,
Green Puniball,,,,X,(Puniball),,,,156,,,,,,,,,,,,,,,
Red Puniball,X,,,,(Puniball),,,,157,,,,,,,,,,,,,,,
Black Puniball,X,X,X,X,(Puniball),,,,158,,,,,,,,,,,,,,,
Silver Puniball,,X,,X,(Puniball),(Jewel),,,159,,,,,,,,,,,,,,,
Gold Puniball,X,,X,,(Puniball),(Jewel),,,160,,,,,,,,,,,,,,,
Large Feather,,,,X,(Animal Product),,,,161,,,,,,,,,,,,,,,
Animal Hide,X,,,,(Animal Product),,,,162,,,,,,,,,,,,,,,
Mythical Hide,,X,X,X,(Animal Product),(Mystery),,,163,,,,,,,,,,,,,,,
Large Bone,X,,,,(Animal Product),,,,164,,,,,,,,,,,,,,,
Snake Slough,X,X,X,,(Animal Product),,,,165,,,,,,,,,,,,,,,
Beast Fossil,X,,X,,(Animal Product),,,,166,,,,,,,,,,,,,,,
Fairystone Fragment,,X,X,,(Mystery),,,,167,,,,,,,,,,,,,,,
Dark Crystal Fragment,X,X,X,X,(Mystery),(Poison),,,168,,,,,,,,,,,,,,,
Holy Stone Fragment,,X,X,X,(Mystery),(Gemstone),,,169,,,,,,,,,,,,,,,
Magic Tome Piece,X,,X,,(Mystery),(Fuel),,,170,,,,,,,,,,,,,,,
Old Magic Tome,,X,,X,(Mystery),(Fuel),,,171,,,,,,,,,,,,,,,
Underworld Core,X,X,,,(Mystery),(Gemstone),,,172,,,,,,,,,,,,,,,
Holy Tree Leaf,X,X,,,(Mystery),(Plant),,,173,,,,,,,,,,,,,,,
Maple Bark,,X,,X,(Spice),(Fuel),,,174,,,,,,,,,,,,,,,
Honey Tree Branch,X,,,X,(Spice),(Lumber),,,175,,,,,,,,,,,,,,,
Spirit Flower,,,X,X,(Flower),(Mystery),,,176,,,,,,,,,,,,,,,
Spirit Feather,,X,,,(Thread),(Mystery),,,177,,,,,,,,,,,,,,,
Rusted Sword,,X,,,(Metal),,,,178,,,,,,,,,,,,,,,
Old Knight Emblem,X,,X,,(Metal),(Mystery),,,179,,,,,,,,,,,,,,,
Beast Venom Pouch,,X,,,(Poison),(Animal Product),,,180,,,,,,,,,,,,,,,
Lunatic Poison Lance,X,,,X,(Poison),(Animal Product),,,181,,,,,,,,,,,,,,,
Beast Fin,,,,X,(Food),(Animal Product),(Thread),,182,,,,,,,,,,,,,,,
Earth Fish Fang,,,X,,(Animal Product),(Poison),,,183,,,,,,,,,,,,,,,
Beast Shell,,X,,X,(Ore),(Bug),,,184,,,,,,,,,,,,,,,
Beast Spirit Armor,,X,X,,(Ore),(Gemstone),(Bug),,185,,,,,,,,,,,,,,,
Beast Scales,,,X,X,(Animal Product),(Ore),,,186,,,,,,,,,,,,,,,
Atonement Stinger,X,,,,(Animal Product),(Poison),,,187,,,,,,,,,,,,,,,
Fire Core,X,,,,(Mystery),(Gunpowder),,,188,,,,,,,,,,,,,,,
Ice Core,,X,,,(Mystery),(Water),,,189,,,,,,,,,,,,,,,
Lightning Core,,,X,,(Mystery),(Sand),,,190,,,,,,,,,,,,,,,
Wind Core,,,,X,(Mystery),(Gas),,,191,,,,,,,,,,,,,,,
Dark Core,X,X,X,X,(Mystery),(Poison),,,192,,,,,,,,,,,,,,,
Dragon Meat,X,,X,X,(Dragon),(Food),,,193,,,,,,,,,,,,,,,
Dragon Wing,,,X,X,(Dragon),(Gas),,,194,,,,,,,,,,,,,,,
Dragon Egg,X,X,X,,(Dragon),(Fuel),,,195,,,,,,,,,,,,,,,
Dragon Eye,X,,X,,(Dragon),(Elixir),(Mystery),,196,,,,,,,,,,,,,,,
Giant Puniball,,X,,X,(Puniball),,,,197,,,,,,,,,,,,,,,
Giant Claw,X,,X,,(Animal Product),,,,198,,,,,,,,,,,,,,,
Fairy Segment,X,X,X,X,(Mystery),,,,199,,,,,,,,,,,,,,,
Golem Core,X,,X,,(Ore),,,,200,,,,,,,,,,,,,,,
Heroic Spirit,,,X,X,(Mystery),,,,201,,,,,,,,,,,,,,,
Eternal Fire,X,,,,(Fuel),(Gunpowder),(Mystery),,202,,,,,,,,,,,,,,,
Shining Sand,,,X,,(Sand),(Gas),(Mystery),,203,,,,,,,,,,,,,,,
Solflower,X,,,X,(Flower),(Elixir),,,204,,,,,,,,,,,,,,,
Eternal Crystal,,X,X,,(Ore),(Gemstone),,,205,,,,,,,,,,,,,,,
Stinky Trash,X,,,,(Food),(Poison),,,206,,,,,,,,,,,,,,,
Broken Item,,X,,,(Metal),(General Goods),,,207,,,,,,,,,,,,,,,
Burnt Ash,,,,X,(Poison),,,,208,,,,,,,,,,,,,,,
Goat Meat,,X,,X,(Important),,,,209,,,,,,,,,,,,,,,
Salt Grass,X,,,,(Plant),,,,210,,,,,,,,,,,,,,,
Resonance Orb,,,X,,(Stone),(Metal),,,211,,,,,,,,,,,,,,,
Akashia Sap,,X,,X,(Important),,,,212,,,,,,,,,,,,,,,
Grizzly Wood,X,,X,,(Important),,,,213,,,,,,,,,,,,,,,
Lost Material,,,,,,,,,214,,,,,,,,,,,,,,,
Serene Spirit Water,,X,,X,(Water),(Medicinal),(Elixir),(Mystery),215,,,,,,,,,,,,,,,
Soleil Fruit,X,,,X,(Important),,,,216,,,,,,,,,,,,,,,
Waterproof Oil,,,X,X,(Important),,,,217,,,,,,,,,,,,,,,
